{
  "p95": 0.699979,
  "sample_size": 14676,
  "T_emotion": 1.511487,
  "vector_T_emotion": [
    7.107131,
    0.915337,
    2.08268,
    1.310611,
    1.775522,
    2.239045,
    4.943984
  ],
  "emotion_logit_bias": [
    0.671429,
    1.121429,
    1.101429,
    -2.478572,
    -1.178572,
    0.871429,
    -0.108572
  ],
  "calibration_method": "vector_scaling_plus_logit_bias"
}